country,Medal
af,0
ax,0
al,0
dz,2
as,0
ad,0
ao,0
ai,0
aq,0
ag,0
ar,2
am,0
aw,0
au,57
at,31
az,0
bs,1
bh,0
bd,0
bb,0
by,0
be,3
bz,0
bj,0
bm,0
bt,0
bo,0
bq,0
ba,0
bw,0
bv,0
br,14
io,0
bn,0
bg,17
bf,0
bi,0
kh,0
cm,0
ca,78
cv,0
ky,0
cf,0
td,0
cl,0
cn,73
cx,0
cc,0
co,1
km,0
cg,0
cd,0
ck,0
cr,0
ci,0
hr,15
cu,69
cw,0
cy,0
cz,0
dk,14
dj,0
dm,0
do,0
ec,0
eg,0
sv,0
gq,0
er,0
ee,3
et,3
fk,0
fo,0
fj,0
fi,20
fr,65
gf,0
pf,0
tf,0
ga,0
gm,0
ge,0
de,224
gh,20
gi,0
gr,2
gl,0
gd,0
gp,0
gu,0
gt,0
gg,0
gn,0
gw,0
gy,0
ht,0
hm,0
va,0
hn,0
hk,0
hu,45
is,0
in,0
id,4
ir,0
iq,0
ie,2
im,0
il,2
it,64
jm,4
jp,59
je,0
jo,0
kz,0
ke,8
ki,0
kp,0
kr,0
kw,0
kg,0
la,0
lv,3
lb,0
ls,0
lr,0
ly,0
li,0
lt,13
lu,2
mo,0
mk,0
mg,0
mw,0
my,0
mv,0
ml,0
mt,0
mh,0
mq,0
mr,0
mu,0
yt,0
mx,1
fm,0
md,0
mc,0
mn,2
me,0
ms,0
ma,3
mz,0
mm,0
nan,2
nr,0
np,0
nl,37
nc,0
nz,16
ni,0
ne,0
ng,11
nu,0
nf,0
mp,0
no,47
om,0
pk,16
pw,0
ps,0
pa,0
pg,0
py,0
pe,1
ph,1
pn,0
pl,46
pt,0
pr,1
qa,1
re,0
ro,53
ru,0
rw,0
bl,0
sh,0
kn,0
lc,0
mf,0
pm,0
vc,0
ws,0
sm,0
st,0
sa,0
sn,0
rs,0
sc,0
sl,0
sg,0
sx,0
sk,0
si,6
sb,0
so,0
za,3
gs,0
ss,0
es,70
lk,0
sd,0
sr,1
sj,0
sz,0
se,42
ch,2
sy,0
tw,0
tj,0
tz,0
th,1
tl,0
tg,0
tk,0
to,0
tt,0
tn,0
tr,6
tm,0
tc,0
tv,0
ug,0
ua,0
ae,0
gb,0
us,236
um,0
uy,0
uz,0
vu,0
ve,0
vn,0
vg,0
vi,0
wf,0
eh,0
ye,0
zm,0
zw,0