country,Medal
af,0
ax,0
al,0
dz,2
as,0
ad,0
ao,0
ai,0
aq,0
ag,0
ar,22
am,4
aw,0
au,82
at,2
az,18
bs,6
bh,2
bd,0
bb,0
by,12
be,21
bz,0
bj,0
bm,0
bt,0
bo,0
bq,0
ba,0
bw,0
bv,0
br,46
io,0
bn,0
bg,7
bf,0
bi,1
kh,0
cm,0
ca,69
cv,0
ky,0
cf,0
td,0
cl,0
cn,109
cx,0
cc,0
co,8
km,0
cg,0
cd,0
ck,0
cr,0
ci,0
hr,24
cu,11
cw,0
cy,0
cz,13
dk,41
dj,0
dm,0
do,1
ec,0
eg,3
sv,0
gq,0
er,0
ee,4
et,8
fk,0
fo,0
fj,13
fi,1
fr,96
gf,0
pf,0
tf,0
ga,0
gm,0
ge,7
de,157
gh,0
gi,0
gr,7
gl,0
gd,1
gp,0
gu,0
gt,0
gg,0
gn,0
gw,0
gy,0
ht,0
hm,0
va,0
hn,0
hk,0
hu,22
is,0
in,2
id,2
ir,0
iq,0
ie,3
im,0
il,2
it,70
jm,30
jp,64
je,0
jo,1
kz,18
ke,13
ki,0
kp,0
kr,0
kw,0
kg,0
la,0
lv,0
lb,0
ls,0
lr,0
ly,0
li,0
lt,7
lu,0
mo,0
mk,0
mg,0
mw,0
my,8
mv,0
ml,0
mt,0
mh,0
mq,0
mr,0
mu,0
yt,0
mx,5
fm,0
md,0
mc,0
mn,2
me,0
ms,0
ma,1
mz,0
mm,0
nan,0
nr,0
np,0
nl,45
nc,0
nz,36
ni,0
ne,1
ng,18
nu,0
nf,0
mp,0
no,19
om,0
pk,0
pw,0
ps,0
pa,0
pg,0
py,0
pe,0
ph,1
pn,0
pl,16
pt,1
pr,1
qa,1
re,0
ro,16
ru,0
rw,0
bl,0
sh,0
kn,0
lc,0
mf,0
pm,0
vc,0
ws,0
sm,0
st,0
sa,0
sn,0
rs,54
sc,0
sl,0
sg,1
sx,0
sk,8
si,4
sb,0
so,0
za,23
gs,0
ss,0
es,43
lk,0
sd,0
sr,0
sj,0
sz,0
se,28
ch,11
sy,0
tw,0
tj,1
tz,0
th,6
tl,0
tg,0
tk,0
to,0
tt,1
tn,3
tr,8
tm,0
tc,0
tv,0
ug,0
ua,15
ae,1
gb,0
us,256
um,0
uy,0
uz,13
vu,0
ve,0
vn,0
vg,0
vi,0
wf,0
eh,0
ye,0
zm,0
zw,0
